entry_year,grade,semester,course_name,course_code,completion_type,credits,notes,change_group,change_type,change_role,change_effective_year,change_note,previous_credits,previous_completion_type,previous_grade,previous_semester,attribute_change_effective_year,attribute_change_note
2022,1,1,약학기초생물학1,ADB002,전선,3,2022학년도 교육과정표에서 6년제 ADB 계열 행을 기준으로 학년·학기·학정번호·이수구분·학점을 반영.,,,,,,,,,,,
2022,1,1,약학기초화학1,ADB003,전선,3,2022학년도 교육과정표에서 6년제 ADB 계열 행을 기준으로 학년·학기·학정번호·이수구분·학점을 반영.,,,,,,,,,,,
2022,1,1,해부생리학,ADB001,전선,3,2022학년도 교육과정표 1-1의 ADB001 해부생리학(전선 3학점)을 반영. 2023학번의 ADB101 해부생리학1 구성과 다름.,,,,,,,,,,,
2022,1,2,신경생리학,ADB004,전선,1,2022학년도 교육과정표 1-2의 ADB004 신경생리학(전선 1학점)을 반영. 2023학번의 ADB102 해부생리학2 구성과 다름.,,,,,,,,,,,
2022,1,2,약학기초생물학2,ADB005,전선,3,2022학년도 교육과정표에서 6년제 ADB 계열 행을 기준으로 학년·학기·학정번호·이수구분·학점을 반영.,,,,,,,,,,,
2022,1,2,약학기초화학2,ADB006,전선,3,2022학년도 교육과정표에서 6년제 ADB 계열 행을 기준으로 학년·학기·학정번호·이수구분·학점을 반영.,,,,,,,,,,,
2022,2,1,물리약학1,ADB010,전필,3,2022학년도 교육과정표에서 6년제 ADB 계열 행을 기준으로 학년·학기·학정번호·이수구분·학점을 반영.,,,,,,,,,,,
2022,2,1,약품생화학1,ADB008,전필,3,2022학년도 교육과정표에서 6년제 ADB 계열 행을 기준으로 학년·학기·학정번호·이수구분·학점을 반영.,,,,,,,,,,,
2022,2,1,약학실험1,ADB013,전필,2,2022학년도 교육과정표에서 6년제 ADB 계열 행을 기준으로 학년·학기·학정번호·이수구분·학점을 반영.,,,,,,,,,,,
2022,2,1,약학통계,ADB012,전필,2,2022학년도 교육과정표에서 6년제 ADB 계열 행을 기준으로 학년·학기·학정번호·이수구분·학점을 반영.,,,,,,,,,,,
2022,2,1,의약품분석학1,ADB011,전필,2,2022학년도 교육과정표에서 6년제 ADB 계열 행을 기준으로 학년·학기·학정번호·이수구분·학점을 반영.,,,,,,,,,,,
2022,2,1,병태생리학1,ADB007,전선,2,2022학년도 교육과정표에서 6년제 ADB 계열 행을 기준으로 학년·학기·학정번호·이수구분·학점을 반영.,,,,,,,,,,,
2022,2,1,약화학1,ADB009,전선,3,2022학년도 교육과정표에서 6년제 ADB 계열 행을 기준으로 학년·학기·학정번호·이수구분·학점을 반영.,,,,,,,,,,,
2022,2,2,물리약학2,ADB019,전필,2,2022학년도 교육과정표에서 6년제 ADB 계열 행을 기준으로 학년·학기·학정번호·이수구분·학점을 반영.,,,,,,,,,,,
2022,2,2,약품면역학,ADB021,전필,2,2022학년도 교육과정표 2-2의 ADB021 약품면역학(전필 2학점)을 반영. 업로드된 2023학번 CSV에는 없는 과목.,,,,,,,,,,,
2022,2,2,약품생화학2,ADB016,전필,3,2022학년도 교육과정표에서 6년제 ADB 계열 행을 기준으로 학년·학기·학정번호·이수구분·학점을 반영.,,,,,,,,,,,
2022,2,2,약학실험2,ADB022,전필,2,2022학년도 교육과정표에서 6년제 ADB 계열 행을 기준으로 학년·학기·학정번호·이수구분·학점을 반영.,,,,,,,,,,,
2022,2,2,약화학2,ADB018,전필,3,2022학년도 교육과정표에서 6년제 ADB 계열 행을 기준으로 학년·학기·학정번호·이수구분·학점을 반영.,,,,,,,,,,,
2022,2,2,의약품분석학2,ADB020,전필,2,2022학년도 교육과정표에서 6년제 ADB 계열 행을 기준으로 학년·학기·학정번호·이수구분·학점을 반영.,,,,,,,,,,,
2022,2,2,병태생리학2,ADB015,전선,2,2022학년도 교육과정표에서 6년제 ADB 계열 행을 기준으로 학년·학기·학정번호·이수구분·학점을 반영.,,,,,,,,,,,
2022,2,2,의약분자생물학,ADB017,전선,2,2022학년도 교육과정표 2-2의 ADB017 의약분자생물학(전선 2학점)을 반영. 업로드된 2023학번 CSV에는 없는 과목.,,,,,,,,,,,
2022,3,1,보건사회약학,ADB029,전필,3,2022학년도 교육과정표에서 6년제 ADB 계열 행을 기준으로 학년·학기·학정번호·이수구분·학점을 반영.,,,,,,,,,,,
2022,3,1,생약학1,ADB026,전필,2,2022학년도 교육과정표에서 6년제 ADB 계열 행을 기준으로 학년·학기·학정번호·이수구분·학점을 반영.,,,,,,,,,,,
2022,3,1,약물학1,ADB024,전필,3,2022학년도 교육과정표에서 6년제 ADB 계열 행을 기준으로 학년·학기·학정번호·이수구분·학점을 반영.,,,,,,,,,,,
2022,3,1,약품미생물학,ADB025,전필,3,2022학년도 교육과정표에서 6년제 ADB 계열 행을 기준으로 학년·학기·학정번호·이수구분·학점을 반영.,,,,,,,,,,,
2022,3,1,약학실험3,ADB031,전필,2,2022학년도 교육과정표에서 6년제 ADB 계열 행을 기준으로 학년·학기·학정번호·이수구분·학점을 반영.,,,,,,,,,,,
2022,3,1,의약품기기분석학1,ADB030,전필,2,2022학년도 교육과정표에서 6년제 ADB 계열 행을 기준으로 학년·학기·학정번호·이수구분·학점을 반영.,,,,,,,,,,,
2022,3,1,의약품합성학1,ADB028,전필,2,2022학년도 교육과정표 기준 기존 과목.,2022-SYNTHESIS,N:1,legacy,2024,2024학년도부터 6년제 교육과정에서 의약품합성학1·2가 의약품합성학 단일 과목으로 통합됨.,,,,,,
2022,3,1,제제과학1,ADB027,전필,3,2022학년도 교육과정표에서 6년제 ADB 계열 행을 기준으로 학년·학기·학정번호·이수구분·학점을 반영.,,,,,,,,,,,
2022,3,2,감염성미생물학,ADB034,전필,2,2022학년도 교육과정표에서 6년제 ADB 계열 행을 기준으로 학년·학기·학정번호·이수구분·학점을 반영.,,,,,,,,,,,
2022,3,2,생약학2,ADB036,전필,2,2022학년도 교육과정표에서 6년제 ADB 계열 행을 기준으로 학년·학기·학정번호·이수구분·학점을 반영.,,,,,,,,,,,
2022,3,2,약물학2,ADB033,전필,3,2022학년도 교육과정표에서 6년제 ADB 계열 행을 기준으로 학년·학기·학정번호·이수구분·학점을 반영.,,,,,,,,,,,
2022,3,2,약학실험4,ADB041,전필,2,2022학년도 교육과정표에서 6년제 ADB 계열 행을 기준으로 학년·학기·학정번호·이수구분·학점을 반영.,,,,,,,,,,,
2022,3,2,의약품기기분석학2,ADB040,전필,2,2022학년도 교육과정표에서 6년제 ADB 계열 행을 기준으로 학년·학기·학정번호·이수구분·학점을 반영.,,,,,,,,,,,
2022,3,2,의약품합성학2,ADB038,전필,2,2022학년도 교육과정표 기준 기존 과목.,2022-SYNTHESIS,N:1,legacy,2024,2024학년도부터 6년제 교육과정에서 의약품합성학1·2가 의약품합성학 단일 과목으로 통합됨.,,,,,,
2022,3,2,제제과학2,ADB037,전필,3,2022학년도 교육과정표에서 6년제 ADB 계열 행을 기준으로 학년·학기·학정번호·이수구분·학점을 반영.,,,,,,,,,,,
2022,3,2,약사 커뮤니케이션,ADB039,전선,2,2022학년도 교육과정표에서 6년제 ADB 계열 행을 기준으로 학년·학기·학정번호·이수구분·학점을 반영.,,,,,,,,,,,
2022,3,2,임상면역학,ADB035,전선,1,2022학년도 교육과정표에서 6년제 ADB 계열 행을 기준으로 학년·학기·학정번호·이수구분·학점을 반영.,,,,,,,,,,,
2022,4,1,감염질환을 위한 항생물질학,ADB045,전필,2,2022학년도 교육과정표에서 6년제 ADB 계열 행을 기준으로 학년·학기·학정번호·이수구분·학점을 반영.,,,,,,,,,,,
2022,4,1,예방약학1,ADB044,전필,3,2022학년도 교육과정표에서 6년제 ADB 계열 행을 기준으로 학년·학기·학정번호·이수구분·학점을 반영.,,,,,,,,,,,
2022,4,1,제제과학 실험,ADB051,전필,2,2022학년도 교육과정표에서 6년제 ADB 계열 행을 기준으로 학년·학기·학정번호·이수구분·학점을 반영.,2022-PHARMACEUTICS-PRACTICE,1:1,legacy,2025,2022학번이 4학년이던 2025학년도에 제제과학 실험이 제제과학의실습으로 변경되어 개설됨.,,,,,,
2022,4,1,AI 의료약학빅데이터,ADB053,전선,2,2022학년도 교육과정표에서 6년제 ADB 계열 행을 기준으로 학년·학기·학정번호·이수구분·학점을 반영.,,,,,,,,,,,
2022,4,2,건강기능식품학,ADB050,전선,2,2022학년도 교육과정표에서 6년제 ADB 계열 행을 기준으로 학년·학기·학정번호·이수구분·학점을 반영.,,,current,,,,,,1,2025,2022학번 기준 건강기능식품학이 4학년 1학기에서 2025학년도 4학년 2학기로 이동함.
2022,4,1,나노약학,ADB054,전선,2,2022학년도 교육과정표에서 6년제 ADB 계열 행을 기준으로 학년·학기·학정번호·이수구분·학점을 반영.,,,,,,,,,,,
2022,4,1,내분비계 및 류마티스 질환 약물치료,ADB063,전선,2,"2022학년도 교육과정표의 과목명 표기를 그대로 반영하고, 6년제 ADB 계열 행의 학정번호·이수구분·학점을 사용.",2022-ENDOCRINE-RHEUMATIC,1:1,legacy,2026,2022학번 기준 내분비계 및 류마티스 질환 약물치료 과목이 4학년 1학기 ADB063에서 5학년 2학기 ADA148로 변경됨.,,,,,,
2022,4,1,무기방사성 의약품학,ADB052,전선,2,2022학년도 교육과정표에서 6년제 ADB 계열 행을 기준으로 학년·학기·학정번호·이수구분·학점을 반영.,,,,,,,,,,,
2022,4,1,약용식물학,ADB049,전선,2,2022학년도 교육과정표에서 6년제 ADB 계열 행을 기준으로 학년·학기·학정번호·이수구분·학점을 반영.,,,,,,,,,,,
2022,4,1,의약화학1,ADB047,전필,2,2022학년도 교육과정표에서 6년제 ADB 계열 행을 기준으로 학년·학기·학정번호·이수구분·학점을 반영.,,,current,,,,전선,,,2025,2022학번 기준 의약화학1이 2025학년도 4학년 1학기 개설에서 전선에서 전필로 변경됨.
2022,4,1,임상미생물학,ADB046,전선,3,2022학년도 교육과정표에서 6년제 ADB 계열 행을 기준으로 학년·학기·학정번호·이수구분·학점을 반영.,,,current,,,2,,,,2025,2022학번 기준 임상미생물학이 2025학년도 4학년 1학기 개설에서 2학점에서 3학점으로 변경됨.
2022,4,1,천연물의약품학,ADB048,전선,2,2022학년도 교육과정표에서 6년제 ADB 계열 행을 기준으로 학년·학기·학정번호·이수구분·학점을 반영.,,,,,,,,,,,
2022,4,1,향장품학,ADB043,전선,2,2022학년도 교육과정표에서 6년제 ADB 계열 행을 기준으로 학년·학기·학정번호·이수구분·학점을 반영.,,,,,,,,,,,
2022,4,2,감염성 질환 약물치료학,ADB069,전필,2,2022학년도 교육과정표에서 6년제 ADB 계열 행을 기준으로 학년·학기·학정번호·이수구분·학점을 반영.,2022-INFECTIOUS-THERAPY,1:1,legacy,2026,2022학번 기준 감염성 질환 약물치료학이 4학년 2학기 ADB069에서 5학년 2학기 ADA147로 변경됨.,,,,,,
2022,4,2,보건의약관계법규,ADB064,전필,2,2022학년도 교육과정표에서 6년제 ADB 계열 행을 기준으로 학년·학기·학정번호·이수구분·학점을 반영.,,,,,,,,,,,
2022,4,2,약학실험5,ADB067,전필,1,2022학년도 교육과정표 4-2의 ADB067 약학실험5(전필 1학점)을 반영. 업로드된 2023학번 CSV에는 없는 과목.,,,,,,,,,,,
2022,4,2,예방약학2,ADB055,전필,2,2022학년도 교육과정표에서 6년제 ADB 계열 행을 기준으로 학년·학기·학정번호·이수구분·학점을 반영.,,,,,,,,,,,
2022,5,1,의약정보학과 경제성평가,ADB073,전필,2,2022학년도 교육과정표상 ADB073 의약정보학과 경제성평가는 4-2에 배치되어 있어 이를 반영.,,,current,,,,,4,2,2026,2022학번 기준 의약정보학과 경제성평가가 기존 4학년 2학기에서 2026학년도 5학년 1학기로 이동함.
2022,4,2,바이오의약품 분석,ADB060,전선,2,2022학년도 교육과정표에서 6년제 ADB 계열 행을 기준으로 학년·학기·학정번호·이수구분·학점을 반영.,,,,,,,,,,,
2022,5,2,바이오의약품학,ADB056,전선,2,2022학년도 교육과정표에서 6년제 ADB 계열 행을 기준으로 학년·학기·학정번호·이수구분·학점을 반영.,,,current,,,,,4,,2026,2022학번 기준 바이오의약품학이 기존 4학년 2학기에서 2026학년도 5학년 2학기로 이동함.
2022,4,2,법과학,ADB061,전선,2,2022학년도 교육과정표에서 6년제 ADB 계열 행을 기준으로 학년·학기·학정번호·이수구분·학점을 반영.,,,,,,,,,,,
2022,4,2,생물약제학,ADB057,전선,2,2022학년도 교육과정표에서 6년제 ADB 계열 행을 기준으로 학년·학기·학정번호·이수구분·학점을 반영.,,,,,,,,,,,
2022,4,2,약물동태학,ADB058,전선,3,2022학년도 교육과정표에서 6년제 ADB 계열 행을 기준으로 학년·학기·학정번호·이수구분·학점을 반영.,,,,,,,,,,,
2022,4,2,약사윤리,ADB065,전선,1,2022학년도 교육과정표에서 6년제 ADB 계열 행을 기준으로 학년·학기·학정번호·이수구분·학점을 반영.,,,,,,,,,,,
2022,4,1,의약품설계학,ADB066,전선,2,2022학년도 교육과정표에서 6년제 ADB 계열 행을 기준으로 학년·학기·학정번호·이수구분·학점을 반영.,,,current,,,3,,,2,2025,2022학번 기준 의약품설계학이 4학년 2학기 3학점에서 2025학년도 4학년 1학기 2학점으로 변경됨.
2022,4,2,의약화학2,ADB059,전선,2,2022학년도 교육과정표에서 6년제 ADB 계열 행을 기준으로 학년·학기·학정번호·이수구분·학점을 반영.,,,,,,,,,,,
2022,4,2,호흡기계 및 소화기계 질환 약물치료학,ADB071,전선,2,2022학년도 교육과정표에서 6년제 ADB 계열 행을 기준으로 학년·학기·학정번호·이수구분·학점을 반영.,2022-RESP-GI-THERAPY,1:1,legacy,2026,2022학번 기준 호흡기계 및 소화기계 질환 약물치료학이 4학년 2학기 ADB071에서 5학년 1학기 ADA145로 변경됨.,,,,,,
2022,5,1,신경정신계 및 신장 질환 약물치료학,ADB062,전필,3,2022학년도 교육과정표 기준 기존 과목.,2022-NEURO-RENAL,1:N,legacy,2024,신경정신계 및 신장 질환 약물치료학이 분리되었으며 2026 현재 정신신경계질환 약물치료학과 신장질환약물치료학이 전필로 운영됨.,,,,,,
2022,5,1,지역약국 예비실무실습,ADB075,전필,2,2022학년도 교육과정표에서 6년제 ADB 계열 행을 기준 으로 학년·학기·학정번호·이수구분·학점을 반영.,2022-COMMUNITY-PRE-PRACTICE,1:1,legacy,2026,2022학번 5학년 개설 기준 지역약국 예비실무실습의 학정번호가 ADB075에서 ADA115로 변경됨.,,,,,,
2022,5,1,항암약물요법,ADB070,전필,2,2022학년도 교육과정표에서 6년제 ADB 계열 행을 기준으로 학년·학기·학정번호·이수구분·학점을 반영.,2022-ANTICANCER,1:1,legacy,2026,2022학번 5학년 개설 기준 기존 ADB070 항암약물요법이 ADB103 항암약물요법1로 변경됨.,,,,,,
2022,5,1,독성학,ADB068,전선,2,2022학년도 교육과정표 기준 기존 과목.,2022-TOXICOLOGY,1:N,legacy,2026,독성학이 2026학년도부터 독성학1과 독성학2로 분리되어 운영됨.,,,,,,
2022,5,1,방제학,ADB078,전선,3,2022학년도 교육과정표상 ADB078 방제학은 5-1에 배치되어 있어 이를 반영.,,,,,,,,,,,
2022,5,1,약물신호전달학,ADB079,전선,2,2022학년도 교육과정표에서 6년제 ADB 계열 행을 기준으로 학년·학기·학정번호·이수구분·학점을 반영.,,,,,,,,,,,
2022,5,1,약업경영학,ADB074,전선,2,2022학년도 교육과정표에서 6년제 ADB 계열 행을 기준으로 학년·학기·학정번호·이수구분·학점을 반영.,2022-PHARMACY-MANAGEMENT,1:1,legacy,2026,2022학번 5학년 개설 기준 약업경영학의 학정번호가 ADB074에서 ADA118로 변경됨.,,,,,,
2022,3,2,약학용어,ADB076,전필,1,2022학년도 교육과정표상 ADB076 약학용어는 5-1에 배치되어 있어 이를 반영.,,,current,,,2,전선,5,1,2024,2022학번 기준 약학용어가 5학년 1학기 전선 2학점에서 2024학년도 3학년 2학기 전필 1학점으로 변경됨.
2022,5,1,의약품제조관리학,ADB072,전선,3,2022학년도 교육과정표에서 6년제 ADB 계열 행을 기준 으로 학년·학기·학정번호·이수구분·학점을 반영.,2022-GMP,1:1,legacy,2026,2022학번 5학년 개설 기준 의약품제조관리학의 학정번호가 ADB072에서 ADA171로 변경됨.,,,,,,
2022,5,1,조제학,ADB077,전선,3,2022학년도 교육과정표상 ADB077 조제학은 5-1에 배치되어 있어 이를 반영.,,,,,,,,,,,
2022,5,2,약무행정실무필수실습,ADB087,전필,1,2022학년도 교육과정표에서 6년제 ADB 계열 행을 기준 으로 학년·학기·학정번호·이수구분·학점을 반영.,2022-PHARMACY-ADMIN-PRACTICE,1:1,legacy,2026,2022학번 5학년 개설 기준 약무행정실무필수실습의 학정번호가 ADB087에서 ADA174로 변경됨.,,,,,,
2022,5,2,의료기관약국 예비실습,ADB086,전필,2,2022학년도 교육과정표에서 6년제 ADB 계열 행을 기준으로 학년·학기·학정번호·이수구분·학점을 반영.,2022-HOSPITAL-PRE-PRACTICE,1:1,legacy,2026,2022학번 기준 의료기관약국 예비실습이 5학년 2학기 ADB086에서 5학년 1학기 ADA217 의료기관약국 예비실무실습으로 변경됨.,,,,,,
2022,4,2,임상약학 해설,ADB083,전필,1,"2022학년도 교육과정표의 과목명 표기를 그대로 반영하고, 6년제 ADB 계열 행의 학정번호·이수구분·학점을 사용.",,,current,,,,,5,,2025,2022학번 기준 임상약학 해설이 기존 5학년 2학기에서 2025학년도 4학년 2학기로 이동함.
2022,5,2,한약제제학,ADB080,전필,2,2022학년도 교육과정표에서 6년제 ADB 계열 행을 기준 으로 학년·학기·학정번호·이수구분·학점을 반영.,2022-HERBAL-PREPARATIONS,1:1,legacy,2026,2022학번 5학년 개설 기준 한약제제학의 학정번호가 ADB080에서 ADA140으로 변경됨.,,,,,,
2022,5,1,동물용의약품학,ADB089,전선,1,2022학년도 교육과정표에서 6년제 ADB 계열 행을 기준으로 학년·학기·학정번호·이수구분·학점을 반영.,,,current,,,2,,,2,2026,2022학번 기준 동물용의약품학이 5학년 2학기 2학점에서 2026학년도 5학년 1학기 1학점으로 변경됨.
2022,5,2,신약개발정보학,ADB090,전선,2,2022학년도 교육과정표에서 6년제 ADB 계열 행을 기준으로 학년·학기·학정번호·이수구분·학점을 반영.,,,,,,,,,,,
2022,4,2,심혈관계 질환 약물치료학,ADB082,전선,3,2022학년도 교육과정표에서 6년제 ADB 계열 행을 기준으로 학년·학기·학정번호·이수구분·학점을 반영.,,,current,,,,,5,,2025,2022학번 기준 심혈관계 질환 약물치료학이 기존 5학년 2학기에서 2025학년도 4학년 2학기로 이동함.
2022,3,1,약물유전체학,ADB085,전선,3,2022학년도 교육과정표에서 6년제 ADB 계열 행을 기준으로 학년·학기·학정번호·이수구분·학점을 반영.,,,current,,,,,5,2,2024,2022학번 기준 약물유전체학이 기존 5학년 2학기에서 2024학년도 3학년 1학기 개설로 이동함.
2022,5,2,약전 및 품질관리학,ADB081,전선,3,2022학년도 교육과정표에서 6년제 ADB 계열 행을 기준 으로 학년·학기·학정번호·이수구분·학점을 반영.,2022-PHARMACOPOEIA-QC,1:1,legacy,2026,2022학번 5학년 개설 기준 약전 및 품질관리학의 학정번호가 ADB081에서 ADA167로 변경됨.,,,,,,
2022,5,2,의약품허가,ADB088,전선,3,2022학년도 교육과정표에서 6년제 ADB 계열 행을 기준으로 학년·학기·학정번호·이수구분·학점을 반영.,,,,,,,,,,,
2022,5,2,일반의약품학,ADB084,전선,3,2022학년도 교육과정표상 ADB084 일반의약품학은 5-2에 배치되어 있어 이를 반영.,,,,,,,,,,,
2022,5,2,종양생물학,ADB091,전선,2,2022학년도 교육과정표에서 6년제 ADB 계열 행을 기준으로 학년·학기·학정번호·이수구분·학점을 반영.,,,,,,,,,,,
2022,6,1,지역약국 필수실무실습1,ADA219,전필,2,대표 학정번호 ADA219: 2026-1 개설 이력 기준.,,,,,,,,,,,
2022,6,1,의료기관약국 필수실무실습1,ADA213,전필,3,대표 학정번호 ADA213: 2026-1 개설 이력 기준.,,,,,,,,,,,
2022,6,1,의료기관약국 필수실무실습2,ADA214,전필,2,대표 학정번호 ADA214: 2026-1 개설 이력 기준.,,,,,,,,,,,
2022,6,1,의료기관약국 필수실무실습3,ADA215,전필,3,대표 학정번호 ADA215: 2026-1 개설 이력 기준.,,,,,,,,,,,
2022,6,1,의료기관약국 필수실무실습4,ADA216,전필,2,대표 학정번호 ADA216: 2026-1 개설 이력 기준.,,,,,,,,,,,
2022,6,1,제약산업 필수실무실습,ADA218,전필,2,대표 학정번호 ADA218: 2026-1 개설 이력 기준.,,,,,,,,,,,
2022,6,2,지역약국 필수실무실습2,ADA220,전필,3,대표 학정번호 ADA220: 2026-2 개설 이력 기준.,,,,,,,,,,,
2022,6,2,심화실습1,ADA226,전필,5,대표 학정번호 ADA226: 2026-2 개설 이력 기준.,,,,,,,,,,,
2022,6,2,심화실습2,ADA227,전필,5,대표 학정번호 ADA227: 2026-2 개설 이력 기준.,,,,,,,,,,,
2022,3,2,의약품합성학,ADA198,전필,2,2022학번이 3학년이던 2024학년도 2학기 실제 개설 이력 기준 2학점 운영.,2022-SYNTHESIS,N:1,current,2024,2024학년도부터 6년제 교육과정에서 의약품합성학1·2가 의약품합성학 단일 과목으로 통합됨.,,,,,,
2022,4,1,정신신경계질환 약물치료학,ADB109,전필,2,2026학년도 교육과정 기준 현재 과목.,2022-NEURO-RENAL,1:N,current,2024,신경정신계 및 신장 질환 약물치료학이 분리되었으며 2026 현재 정신신경계질환 약물치료학과 신장질환약물치료학이 전필로 운영됨.,,,,,,
2022,5,2,신장질환약물치료학,ADB108,전필,2,2026학년도 교육과정 기준 현재 과목.,2022-NEURO-RENAL,1:N,current,2024,신경정신계 및 신장 질환 약물치료학이 분리되었으며 2026 현재 정신신경계질환 약물치료학과 신장질환약물치료학이 전필로 운영됨.,,,,,,
2022,5,1,독성학1,ADA234,전선,2,2026-1 현재 개설 과목.,2022-TOXICOLOGY,1:N,current,2026,독성학이 2026학년도부터 독성학1과 독성학2로 분리되어 운영됨.,,,,,,
2022,5,2,독성학2,ADA235,전선,2,2026-2 현재 개설 과목.,2022-TOXICOLOGY,1:N,current,2026,독성학이 2026학년도부터 독성학1과 독성학2로 분리되어 운영됨.,,,,,,
2022,4,1,제제과학의실습,ADB111,전필,2,2025학년도 실제 개설 이력 기준 현재 과목.,2022-PHARMACEUTICS-PRACTICE,1:1,current,2025,2022학번이 4학년이던 2025학년도에 제제과학 실험이 제제과학의실습으로 변경되어 개설됨.,,,,,,
2022,5,1,지역약국 예비실무실습,ADA115,전필,2,2026학년도 실제 개설 이력 기준 현재 과목.,2022-COMMUNITY-PRE-PRACTICE,1:1,current,2026,2022학번 5학년 개설 기준 지역약국 예비실무실습의 학정번호가 ADB075에서 ADA115로 변경됨.,,,,,,
2022,5,1,약업경영학,ADA118,전선,2,2026학년도 실제 개설 이력 기준 현재 과목.,2022-PHARMACY-MANAGEMENT,1:1,current,2026,2022학번 5학년 개설 기준 약업경영학의 학정번호가 ADB074에서 ADA118로 변경됨.,,,,,,
2022,5,1,의약품제조관리학,ADA171,전선,3,2026학년도 실제 개설 이력 기준 현재 과목.,2022-GMP,1:1,current,2026,2022학번 5학년 개설 기준 의약품제조관리학의 학정번호가 ADB072에서 ADA171로 변경됨.,,,,,,
2022,5,2,한약제제학,ADA140,전필,2,2026학년도 실제 개설 이력 기준 현재 과목.,2022-HERBAL-PREPARATIONS,1:1,current,2026,2022학번 5학년 개설 기준 한약제제학의 학정번호가 ADB080에서 ADA140으로 변경됨.,,,,,,
2022,5,2,약전 및 품질관리학,ADA167,전선,3,2026학년도 실제 개설 이력 기준 현재 과목.,2022-PHARMACOPOEIA-QC,1:1,current,2026,2022학번 5학년 개설 기준 약전 및 품질관리학의 학정번호가 ADB081에서 ADA167로 변경됨.,,,,,,
2022,5,2,약무행정실무필수실습,ADA174,전필,1,2026학년도 실제 개설 이력 기준 현재 과목.,2022-PHARMACY-ADMIN-PRACTICE,1:1,current,2026,2022학번 5학년 개설 기준 약무행정실무필수실습의 학정번호가 ADB087에서 ADA174로 변경됨.,,,,,,
2022,5,1,호흡기계 및 소화기계 질환 약물치료학,ADA145,전선,2,2026학년도 실제 개설 이력 기준 현재 과목.,2022-RESP-GI-THERAPY,1:1,current,2026,2022학번 기준 호흡기계 및 소화기계 질환 약물치료학이 4학년 2학기 ADB071에서 5학년 1학기 ADA145로 변경됨.,,,,,,
2022,5,2,감염성 질환 약물치료학,ADA147,전필,2,2026학년도 실제 개설 이력 기준 현재 과목.,2022-INFECTIOUS-THERAPY,1:1,current,2026,2022학번 기준 감염성 질환 약물치료학이 4학년 2학기 ADB069에서 5학년 2학기 ADA147로 변경됨.,,,,,,
2022,5,1,의료기관약국 예비실무실습,ADA217,전필,2,2026학년도 실제 개설 이력 기준 현재 과목.,2022-HOSPITAL-PRE-PRACTICE,1:1,current,2026,2022학번 기준 의료기관약국 예비실습이 5학년 2학기 ADB086에서 5학년 1학기 ADA217 의료기관약국 예비실무실습으로 변경됨.,,,,,,
2022,5,2,내분비계 및 류마티스 질환 약물치료학,ADA148,전선,2,2026학년도 실제 개설 이력 기준 현재 과목.,2022-ENDOCRINE-RHEUMATIC,1:1,current,2026,2022학번 기준 내분비계 및 류마티스 질환 약물치료 과목이 4학년 1학기 ADB063에서 5학년 2학기 ADA148로 변경됨.,,,,,,
2022,5,1,항암약물요법1,ADB103,전필,2,2026학년도 실제 개설 이력 기준 현재 과목.,2022-ANTICANCER,1:1,current,2026,2022학번 5학년 개설 기준 기존 ADB070 항암약물요법이 ADB103 항암약물요법1로 변경됨.,,,,,,
2022,3,1,자원생약학,ADA228,전선,2,2022학번이 3학년이던 2024학년도 1학기 실제 개설 이력에 따라 추가된 전공선택 과목.,,,current,,,,,,,,
2022,4,1,임상영양학,ADA233,전선,2,2022학번이 4학년이던 2025학년도 1학기 실제 개설 이력에 따라 추가된 전공선택 과목.,,,current,,,,,,,,
2022,5,1,임상약물동태학,ADA150,전선,2,2022학번이 5학년이던 2026학년도 1학기 실제 개설 이력에 따라 추가된 전공선택 과목.,,,current,,,,,,,,
2022,5,1,임상생화학,ADA183,전선,2,2022학번이 5학년이던 2026학년도 1학기 실제 개설 이력에 따라 추가된 전공선택 과목.,,,current,,,,,,,,
2022,5,1,환경보건약학,ADA236,전선,2,2022학번이 5학년이던 2026학년도 1학기 실제 개설 이력에 따라 추가된 전공선택 과목.,,,current,,,,,,,,
2022,5,2,특수환자군 정밀의료학,ADA237,전필,2,2022학번이 5학년이던 2026학년도 2학기 실제 개설 이력에 따라 추가된 전공필수 과목.,,,current,,,,,,,,
2022,5,2,약사와 건강증진,ADA239,전선,2,2022학번이 5학년이던 2026학년도 2학기 실제 개설 이력에 따라 추가된 전공선택 과목.,,,current,,,,,,,,
2022,5,2,유용천연물소재학,ADB113,전선,3,2022학번이 5학년이던 2026학년도 2학기 실제 개설 이력에 따라 추가된 전공선택 과목.,,,current,,,,,,,,
