relation_type,old_course_code,old_course_name,new_course_code,new_course_name,designation_year,cross_designation,source_file,source_page,source_row,needs_review,review_reason
substitute,ADA073,항생물질학,ADA209,감염질환을 위한 항생물질학,2019,equivalent,2024학년도_약학과_교육과정.pdf,16,1,no,
substitute,ADA083,유기약품합성화학,ADA198,의약품합성학,2018,equivalent,2024학년도_약학과_교육과정.pdf,16,2,no,
substitute,ADA105,감염성 미생물학,ADA208,감염미생물학,2019,equivalent,2024학년도_약학과_교육과정.pdf,16,3,no,
substitute,ADA133,병원약학,ADA217,의료기관약국 예비실무실습,2020,equivalent,2024학년도_약학과_교육과정.pdf,16,4,no,
substitute,ADA142,의약정보학,ADA204,의약정보학과 커뮤니케이션,2018,equivalent,2024학년도_약학과_교육과정.pdf,16,5,no,
substitute,ADA151,병원약학실무필수실습 1,ADA213,의료기관약국 필수실무실습 1,2020,equivalent,2024학년도_약학과_교육과정.pdf,16,6,no,
substitute,ADA152,병원약학실무필수실습 2,ADA214,의료기관약국 필수실무실습 2,2020,equivalent,2024학년도_약학과_교육과정.pdf,16,7,no,
substitute,ADA153,지역약국실무필수실습 1,ADA219,지역약국 필수실무실습 1,2020,equivalent,2024학년도_약학과_교육과정.pdf,16,8,no,
substitute,ADA154,지역약국실무필수실습 2,ADA220,지역약국 필수실무실습 2,2020,equivalent,2024학년도_약학과_교육과정.pdf,16,9,no,
substitute,ADA155,제약산업실무필수실습,ADA218,제약산업 필수실무실습,2020,equivalent,2024학년도_약학과_교육과정.pdf,16,10,no,
substitute,ADA169,병원약학실무필수실습 3,ADA215,의료기관약국 필수실무실습 3,2020,equivalent,2024학년도_약학과_교육과정.pdf,16,11,no,
substitute,ADA170,병원약학실무필수실습 4,ADA216,의료기관약국 필수실무실습 4,2020,equivalent,2024학년도_약학과_교육과정.pdf,16,12,no,
substitute,ADA180,일반의약품 약물요법,ADA202,항암약물요법 및 일반의약품약물요법,2018,equivalent,2024학년도_약학과_교육과정.pdf,16,13,no,
substitute,ADA185,응용미생물학,ADA211,임상미생물학,2020,equivalent,2024학년도_약학과_교육과정.pdf,16,14,no,
substitute,ADA205,약학개론과 윤리,ADA212,약사윤리와 진로 적응,2020,equivalent,2024학년도_약학과_교육과정.pdf,16,15,no,
substitute,ADA207,병원미생물학,ADA211,임상미생물학,2020,equivalent,2024학년도_약학과_교육과정.pdf,16,16,no,
substitute,AMA163,의학통계자료분석,ADA051,약학통계,2011,equivalent,2024학년도_약학과_교육과정.pdf,16,17,no,
equivalent,ADA010,제제공학,ADA187,제제과학 2,2017,,2024학년도_약학과_교육과정.pdf,16,1,no,
equivalent,ADA025,약사법규,ADA194,보건의약관계법규,2017,,2024학년도_약학과_교육과정.pdf,16,2,no,
equivalent,ADA073,항생물질학,ADA209,감염질환을 위한 항생물질학,2019,substitute,2024학년도_약학과_교육과정.pdf,16,3,no,
equivalent,ADA083,유기약품합성화학,ADA198,의약품합성학,2017,substitute,2024학년도_약학과_교육과정.pdf,16,4,no,
equivalent,ADA094,약학실습4,ADA192,약학실험 4,2017,,2024학년도_약학과_교육과정.pdf,16,5,no,
equivalent,ADA100,약학실습 1,ADA201,약학실험 1,2017,,2024학년도_약학과_교육과정.pdf,16,6,no,
equivalent,ADA105,감염성 미생물학,ADA208,감염미생물학,2019,substitute,2024학년도_약학과_교육과정.pdf,16,7,no,
equivalent,ADA106,약품분자세포생물학,ADA181,의약분자생물학,2017,,2024학년도_약학과_교육과정.pdf,16,8,no,
equivalent,ADA107,생물의약품학,ADA225,바이오의약품학,2021,,2024학년도_약학과_교육과정.pdf,17,9,no,
equivalent,ADA112,제제학,ADA186,제제과학 1,2017,,2024학년도_약학과_교육과정.pdf,17,10,no,
equivalent,ADA117,사회약학,ADA193,보건사회약학,2017,,2024학년도_약학과_교육과정.pdf,17,11,no,
equivalent,ADA131,방사능무기의약품학,ADA199,무기 및 방사성 의약품학,2017,,2024학년도_약학과_교육과정.pdf,17,12,no,
equivalent,ADA133,병원약학,ADA217,의료기관약국 예비실무실습,2020,substitute,2024학년도_약학과_교육과정.pdf,17,13,no,
equivalent,ADA142,의약정보학,ADA204,의약정보학과 커뮤니케이션,2018,substitute,2024학년도_약학과_교육과정.pdf,17,14,no,
equivalent,ADA151,병원약학실무필수실습 1,ADA213,의료기관약국 필수실무실습 1,2020,substitute,2024학년도_약학과_교육과정.pdf,17,15,no,
equivalent,ADA152,병원약학실무필수실습 2,ADA214,의료기관약국 필수실무실습 2,2020,substitute,2024학년도_약학과_교육과정.pdf,17,16,no,
equivalent,ADA153,지역약국실무필수실습 1,ADA219,지역약국 필수실무실습 1,2020,substitute,2024학년도_약학과_교육과정.pdf,17,17,no,
equivalent,ADA154,지역약국실무필수실습 2,ADA220,지역약국 필수실무실습 2,2020,substitute,2024학년도_약학과_교육과정.pdf,17,18,no,
equivalent,ADA155,제약산업실무필수실습,ADA218,제약산업 필수실무실습,2020,substitute,2024학년도_약학과_교육과정.pdf,17,19,no,
equivalent,ADA163,약학실습 2 - 물리약학,ADA195,약학실험 2,2017,,2024학년도_약학과_교육과정.pdf,17,20,no,
equivalent,ADA164,약학실습 2 - 약품화학,ADA195,약학실험 2,2017,,2024학년도_약학과_교육과정.pdf,17,21,no,
equivalent,ADA165,약학실습 3 - 약물학,ADA184,약학실험 3,2017,,2024학년도_약학과_교육과정.pdf,17,22,no,
equivalent,ADA166,약학실습 3 - 약품미생 물학,ADA184,약학실험 3,2017,,2024학년도_약학과_교육과정.pdf,17,23,no,
equivalent,ADA169,병원약학실무필수실습 3,ADA215,의료기관약국 필수실무실습 3,2020,substitute,2024학년도_약학과_교육과정.pdf,17,24,no,
equivalent,ADA170,병원약학실무필수실습 4,ADA216,의료기관약국 필수실무실습 4,2020,substitute,2024학년도_약학과_교육과정.pdf,17,25,no,
equivalent,ADA172,제제공학 실습,ADA200,제제과학실습,2017,,2024학년도_약학과_교육과정.pdf,17,26,no,
equivalent,ADA175,기기분석,ADA196,약품기기분석학,2017,,2024학년도_약학과_교육과정.pdf,17,27,no,
equivalent,ADA180,일반의약품 약물요법,ADA202,항암약물요법 및 일반의약품약물요법,2018,substitute,2024학년도_약학과_교육과정.pdf,17,28,no,
equivalent,ADA185,응용미생물학,ADA211,임상미생물학,2020,substitute,2024학년도_약학과_교육과정.pdf,17,29,no,
equivalent,ADA205,약학개론과 윤리,ADA212,약사윤리와 진로 적응,2020,substitute,2024학년도_약학과_교육과정.pdf,17,30,no,
equivalent,ADA207,병원미생물학,ADA211,임상미생물학,2020,substitute,2024학년도_약학과_교육과정.pdf,17,31,no,
equivalent,AMA163,의학통계자료분석,ADA051,약학통계,2011,substitute,2024학년도_약학과_교육과정.pdf,17,32,no,
