academic_year,semester,course_code,course_name,completion_type,credits,recommended_year,department
2022,2,ADA208,"감염미생물학","전필",2.0,4,"약학과"
2023,2,ADA208,"감염미생물학","전필",2.0,4,"약학과"
2024,2,ADA208,"감염미생물학","전필",2.0,4,"약학과"
2022,2,ADA147,"감염성 질환 약물치료학","전필",2.0,5,"약학과"
2023,2,ADA147,"감염성 질환 약물치료학","전필",2.0,5,"약학과"
2024,2,ADA147,"감염성 질환 약물치료학","전필",2.0,5,"약학과"
2025,2,ADA147,"감염성 질환 약물치료학","전필",2.0,5,"약학과"
2026,2,ADA147,"감염성 질환 약물치료학","전필",2.0,5,"약학과"
2024,2,ADB034,"감염성미생물학","전필",2.0,3,"약학과"
2025,2,ADB034,"감염성미생물학","전필",2.0,3,"약학과"
2026,2,ADB034,"감염성미생물학","전필",2.0,3,"약학과"
2022,1,ADA209,"감염질환을 위한 항생물질학","전필",2.0,5,"약학과"
2023,1,ADA209,"감염질환을 위한 항생물질학","전필",2.0,5,"약학과"
2024,1,ADA209,"감염질환을 위한 항생물질학","전필",2.0,5,"약학과"
2025,1,ADA209,"감염질환을 위한 항생물질학","전필",2.0,5,"약학과"
2025,1,ADB045,"감염질환을 위한 항생물질학","전필",2.0,4,"약학과"
2026,1,ADB045,"감염질환을 위한 항생물질학","전필",2.0,4,"약학과"
2022,1,ADA182,"건강기능식품학","전선",2.0,4,"약학과"
2023,1,ADA182,"건강기능식품학","전선",2.0,4,"약학과"
2024,2,ADA182,"건강기능식품학","전선",2.0,5,"약학과"
2025,2,ADB050,"건강기능식품학","전선",2.0,4,"약학과"
2026,2,ADB050,"건강기능식품학","전선",3.0,4,"약학과"
2022,2,ADA148,"내분비계 및 류마티스 질환 약물치료학","전필",2.0,5,"약학과"
2023,2,ADA148,"내분비계 및 류마티스 질환 약물치료학","전필",2.0,5,"약학과"
2024,2,ADA148,"내분비계 및 류마티스 질환 약물치료학","전필",2.0,5,"약학과"
2025,2,ADA148,"내분비계 및 류마티스 질환 약물치료학","전필",2.0,5,"약학과"
2026,2,ADA148,"내분비계 및 류마티스 질환 약물치료학","전선",2.0,5,"약학과"
2026,1,ADA234,"독성학1","전선",2.0,5,"약학과"
2026,2,ADA235,"독성학2","전선",2.0,5,"약학과"
2022,2,ADA121,"동물용의약품학","전선",1.0,5,"약학과"
2023,2,ADA121,"동물용의약품학","전선",1.0,5,"약학과"
2024,2,ADA121,"동물용의약품학","전선",1.0,5,"약학과"
2026,1,ADB089,"동물용의약품학","전선",1.0,5,"약학과"
2022,1,ADA002,"면역학","전필",3.0,3,"약학과"
2023,1,ADA002,"면역학","전필",3.0,3,"약학과"
2022,1,ADA199,"무기 및 방사성 의약품학","전선",2.0,3,"약학과"
2022,1,ADA076,"물리약학 1","전필",3.0,3,"약학과"
2023,1,ADA076,"물리약학 1","전필",3.0,3,"약학과"
2022,2,ADA041,"물리약학 2","전필",2.0,3,"약학과"
2023,2,ADA041,"물리약학 2","전필",2.0,3,"약학과"
2023,1,ADB010,"물리약학1","전필",3.0,2,"약학과"
2024,1,ADB010,"물리약학1","전필",3.0,2,"약학과"
2025,1,ADB010,"물리약학1","전필",3.0,2,"약학과"
2026,1,ADB010,"물리약학1","전필",3.0,2,"약학과"
2023,2,ADB019,"물리약학2","전필",2.0,2,"약학과"
2024,2,ADB019,"물리약학2","전필",2.0,2,"약학과"
2025,2,ADB019,"물리약학2","전필",3.0,2,"약학과"
2026,2,ADB019,"물리약학2","전필",3.0,2,"약학과"
2026,1,ADB060,"바이오의약품 분석","전선",2.0,4,"약학과"
2026,2,ADB056,"바이오의약품학","전선",2.0,5,"약학과"
2026,2,ADB106,"법화학","전선",2.0,3,"약학과"
2022,2,ADA006,"병태생리학","전선",4.0,3,"약학과"
2023,2,ADA006,"병태생리학","전선",4.0,3,"약학과"
2023,1,ADB007,"병태생리학1","전선",2.0,2,"약학과"
2024,1,ADB007,"병태생리학1","전선",2.0,2,"약학과"
2025,1,ADB007,"병태생리학1","전선",2.0,2,"약학과"
2026,1,ADB007,"병태생리학1","전선",2.0,2,"약학과"
2023,2,ADB015,"병태생리학2","전선",2.0,2,"약학과"
2024,2,ADB015,"병태생리학2","전선",2.0,2,"약학과"
2025,2,ADB015,"병태생리학2","전선",2.0,2,"약학과"
2026,2,ADB015,"병태생리학2","전선",2.0,2,"약학과"
2022,1,ADA193,"보건사회약학","전필",3.0,4,"약학과"
2023,1,ADA193,"보건사회약학","전필",3.0,4,"약학과"
2024,1,ADA193,"보건사회약학","전필",3.0,4,"약학과"
2024,1,ADB029,"보건사회약학","전필",3.0,3,"약학과"
2025,1,ADB029,"보건사회약학","전필",3.0,3,"약학과"
2026,1,ADB029,"보건사회약학","전필",3.0,3,"약학과"
2022,2,ADA194,"보건의약관계법규","전필",2.0,5,"약학과"
2023,2,ADA194,"보건의약관계법규","전필",2.0,5,"약학과"
2024,2,ADA194,"보건의약관계법규","전필",2.0,5,"약학과"
2025,2,ADA194,"보건의약관계법규","전필",2.0,5,"약학과"
2025,2,ADB064,"보건의약관계법규","전필",2.0,4,"약학과"
2026,2,ADB064,"보건의약관계법규","전필",2.0,4,"약학과"
2022,1,ADA223,"상담지도 I","전필",0.0,3,"약학과"
2022,2,ADA224,"상담지도 II","전필",0.0,3,"약학과"
2022,2,ADA033,"생물약제학","전선",2.0,4,"약학과"
2023,2,ADA033,"생물약제학","전선",2.0,4,"약학과"
2025,2,ADB057,"생물약제학","전선",2.0,4,"약학과"
2026,2,ADB057,"생물약제학","전선",2.0,4,"약학과"
2022,1,ADA065,"생약학 1","전필",2.0,4,"약학과"
2023,1,ADA065,"생약학 1","전필",2.0,4,"약학과"
2022,2,ADA055,"생약학 2","전필",2.0,4,"약학과"
2023,2,ADA055,"생약학 2","전필",2.0,4,"약학과"
2024,1,ADB026,"생약학1","전필",2.0,3,"약학과"
2025,1,ADB026,"생약학1","전필",2.0,3,"약학과"
2026,1,ADB026,"생약학1","전필",2.0,3,"약학과"
2024,2,ADB036,"생약학2","전필",2.0,3,"약학과"
2025,2,ADB036,"생약학2","전필",2.0,3,"약학과"
2026,2,ADB036,"생약학2","전필",2.0,3,"약학과"
2025,1,ADB112,"생약학개론","전선",2.0,3,"약학과"
2026,1,ADB112,"생약학개론","전선",2.0,3,"약학과"
2022,2,ADA092,"신경생리학","전선",1.0,3,"약학과"
2022,2,ADB004,"신경생리학","전선",1.0,1,"약학과"
2023,2,ADA092,"신경생리학","전선",1.0,3,"약학과"
2022,1,ADA144,"신경정신계질환 및 신장질환 약물치료학","전선",3.0,5,"약학과"
2023,1,ADA144,"신경정신계질환 및 신장질환 약물치료학","전선",3.0,5,"약학과"
2024,1,ADB104,"신경정신계질환 약물치료학","전선",2.0,5,"약학과"
2025,1,ADB104,"신경정신계질환 약물치료학","전선",2.0,5,"약학과"
2024,1,ADB108,"신장질환약물치료학","전선",2.0,5,"약학과"
2025,1,ADB108,"신장질환약물치료학","전필",2.0,5,"약학과"
2026,2,ADB108,"신장질환약물치료학","전필",2.0,5,"약학과"
2022,2,ADA136,"심혈관계 질환 약물치료학","전선",3.0,4,"약학과"
2023,2,ADA136,"심혈관계 질환 약물치료학","전선",3.0,4,"약학과"
2024,2,ADA136,"심혈관계 질환 약물치료학","전선",3.0,4,"약학과"
2025,2,ADB082,"심혈관계 질환 약물치료학","전선",3.0,4,"약학과"
2026,2,ADB082,"심혈관계 질환 약물치료학","전선",3.0,4,"약학과"
2022,2,ADA226,"심화실습 1","전필",5.0,6,"약학과"
2023,2,ADA226,"심화실습 1","전필",5.0,6,"약학과"
2024,2,ADA226,"심화실습 1","전필",5.0,6,"약학과"
2025,2,ADA226,"심화실습 1","전필",5.0,6,"약학과"
2026,2,ADA226,"심화실습 1","전필",5.0,6,"약학과"
2022,2,ADA227,"심화실습 2","전필",5.0,6,"약학과"
2023,2,ADA227,"심화실습 2","전필",5.0,6,"약학과"
2024,2,ADA227,"심화실습 2","전필",5.0,6,"약학과"
2025,2,ADA227,"심화실습 2","전필",5.0,6,"약학과"
2026,2,ADA227,"심화실습 2","전필",5.0,6,"약학과"
2022,2,ADA174,"약무행정실무필수실습","전필",1.0,5,"약학과"
2023,2,ADA174,"약무행정실무필수실습","전필",1.0,5,"약학과"
2024,2,ADA174,"약무행정실무필수실습","전필",1.0,5,"약학과"
2025,2,ADA174,"약무행정실무필수실습","전필",1.0,5,"약학과"
2026,2,ADA174,"약무행정실무필수실습","전필",1.0,5,"약학과"
2022,2,ADA086,"약물동태학","전선",2.0,4,"약학과"
2023,2,ADA086,"약물동태학","전선",2.0,4,"약학과"
2025,2,ADB058,"약물동태학","전선",3.0,4,"약학과"
2026,2,ADB058,"약물동태학","전선",3.0,4,"약학과"
2026,1,ADB110,"약물송달학의 원리와 적용","전선",2.0,4,"약학과"
2023,1,ADA063,"약물유전체학","전선",3.0,4,"약학과"
2024,1,ADB085,"약물유전체학","전선",3.0,3,"약학과"
2026,1,ADB085,"약물유전체학","전선",3.0,3,"약학과"
2022,1,ADA030,"약물학 1","전필",4.0,4,"약학과"
2023,1,ADA030,"약물학 1","전필",4.0,4,"약학과"
2024,1,ADA030,"약물학 1","전필",4.0,4,"약학과"
2022,2,ADA001,"약물학 2","전필",2.0,4,"약학과"
2023,2,ADA001,"약물학 2","전필",2.0,4,"약학과"
2024,2,ADA001,"약물학 2","전필",2.0,4,"약학과"
2024,1,ADB024,"약물학1","전필",3.0,3,"약학과"
2025,1,ADB024,"약물학1","전필",3.0,3,"약학과"
2026,1,ADB024,"약물학1","전필",3.0,3,"약학과"
2024,2,ADB033,"약물학2","전필",3.0,3,"약학과"
2026,2,ADB033,"약물학2","전필",3.0,3,"약학과"
2024,2,ADB039,"약사 커뮤니케이션","전선",2.0,3,"약학과"
2025,2,ADB039,"약사 커뮤니케이션","전선",2.0,3,"약학과"
2026,2,ADB039,"약사 커뮤니케이션","전선",2.0,3,"약학과"
2026,2,ADA239,"약사와 건강증진","전선",2.0,5,"약학과"
2025,2,ADB065,"약사윤리","전선",1.0,4,"약학과"
2026,2,ADB065,"약사윤리","전선",1.0,4,"약학과"
2022,1,ADA212,"약사윤리와 진로 적응","전선",1.0,3,"약학과"
2023,1,ADA212,"약사윤리와 진로 적응","전선",1.0,3,"약학과"
2022,2,ADA118,"약업경영학","전선",2.0,5,"약학과"
2023,2,ADA118,"약업경영학","전선",2.0,5,"약학과"
2024,2,ADA118,"약업경영학","전선",2.0,5,"약학과"
2025,2,ADA118,"약업경영학","전선",2.0,5,"약학과"
2026,1,ADA118,"약업경영학","전선",2.0,5,"약학과"
2023,1,ADA203,"약용식물학","전선",2.0,3,"약학과"
2024,1,ADB049,"약용식물학","전필",2.0,2,"약학과"
2025,1,ADB049,"약용식물학","전필",2.0,2,"약학과"
2026,1,ADB049,"약용식물학","전필",2.0,2,"약학과"
2022,2,ADA167,"약전 및 품질관리학","전선",3.0,5,"약학과"
2023,2,ADA167,"약전 및 품질관리학","전선",3.0,5,"약학과"
2024,2,ADA167,"약전 및 품질관리학","전선",3.0,5,"약학과"
2025,2,ADA167,"약전 및 품질관리학","전선",3.0,5,"약학과"
2026,2,ADA167,"약전 및 품질관리학","전선",3.0,5,"약학과"
2022,1,ADA104,"약품 미생물학","전필",3.0,4,"약학과"
2023,1,ADA104,"약품 미생물학","전필",3.0,4,"약학과"
2024,1,ADA104,"약품 미생물학","전필",3.0,4,"약학과"
2022,2,ADA196,"약품기기분석학","전선",3.0,3,"약학과"
2023,2,ADA196,"약품기기분석학","전선",3.0,3,"약학과"
2023,2,ADB021,"약품면역학","전필",2.0,2,"약학과"
2024,2,ADB021,"약품면역학","전필",2.0,2,"약학과"
2025,2,ADB021,"약품면역학","전필",2.0,2,"약학과"
2026,2,ADB021,"약품면역학","전필",2.0,2,"약학과"
2024,1,ADB025,"약품미생물학","전필",3.0,3,"약학과"
2025,1,ADB025,"약품미생물학","전필",3.0,3,"약학과"
2026,1,ADB025,"약품미생물학","전필",3.0,3,"약학과"
2022,1,ADA031,"약품분석화학 1","전필",2.0,3,"약학과"
2023,1,ADA031,"약품분석화학 1","전필",2.0,3,"약학과"
2022,2,ADA074,"약품분석화학 2","전필",1.0,3,"약학과"
2023,2,ADA074,"약품분석화학 2","전필",1.0,3,"약학과"
2022,1,ADA042,"약품생화학 1","전필",3.0,3,"약학과"
2022,2,ADA012,"약품생화학 2","전필",2.0,3,"약학과"
2023,2,ADA012,"약품생화학 2","전필",2.0,3,"약학과"
2023,1,ADB008,"약품생화학1","전필",3.0,2,"약학과"
2024,1,ADB008,"약품생화학1","전필",3.0,2,"약학과"
2025,1,ADB008,"약품생화학1","전필",3.0,2,"약학과"
2026,1,ADB008,"약품생화학1","전필",3.0,2,"약학과"
2023,2,ADB016,"약품생화학2","전필",3.0,2,"약학과"
2024,2,ADB016,"약품생화학2","전필",2.0,2,"약학과"
2025,2,ADB016,"약품생화학2","전필",3.0,2,"약학과"
2026,2,ADB016,"약품생화학2","전필",3.0,2,"약학과"
2022,1,ADB002,"약학기초생물학1","전선",3.0,1,"약학과"
2023,1,ADB002,"약학기초생물학1","전선",3.0,1,"약학과"
2024,1,ADB002,"약학기초생물학1","전선",3.0,1,"약학과"
2025,1,ADB002,"약학기초생물학1","전선",3.0,1,"약학과"
2026,1,ADB002,"약학기초생물학1","전선",3.0,1,"약학과"
2022,2,ADB005,"약학기초생물학2","전선",3.0,1,"약학과"
2023,2,ADB005,"약학기초생물학2","전선",3.0,1,"약학과"
2024,2,ADB005,"약학기초생물학2","전선",3.0,1,"약학과"
2025,2,ADB005,"약학기초생물학2","전선",3.0,1,"약학과"
2026,2,ADB005,"약학기초생물학2","전선",3.0,1,"약학과"
2022,1,ADB003,"약학기초화학1","전선",3.0,1,"약학과"
2023,1,ADB003,"약학기초화학1","전선",3.0,1,"약학과"
2024,1,ADB003,"약학기초화학1","전선",3.0,1,"약학과"
2025,1,ADB003,"약학기초화학1","전선",3.0,1,"약학과"
2026,1,ADB003,"약학기초화학1","전선",3.0,1,"약학과"
2022,2,ADB006,"약학기초화학2","전선",3.0,1,"약학과"
2023,2,ADB006,"약학기초화학2","전선",3.0,1,"약학과"
2024,2,ADB006,"약학기초화학2","전선",3.0,1,"약학과"
2025,2,ADB006,"약학기초화학2","전선",3.0,1,"약학과"
2026,2,ADB006,"약학기초화학2","전선",3.0,1,"약학과"
2022,1,ADA201,"약학실험 1","전필",2.0,3,"약학과"
2023,1,ADA201,"약학실험 1","전필",2.0,3,"약학과"
2022,2,ADA195,"약학실험 2","전필",2.0,3,"약학과"
2023,2,ADA195,"약학실험 2","전필",2.0,3,"약학과"
2022,1,ADA184,"약학실험 3","전필",2.0,4,"약학과"
2023,1,ADA184,"약학실험 3","전필",2.0,4,"약학과"
2024,1,ADA184,"약학실험 3","전필",2.0,4,"약학과"
2022,2,ADA192,"약학실험 4","전필",2.0,4,"약학과"
2023,2,ADA192,"약학실험 4","전필",2.0,4,"약학과"
2024,2,ADA192,"약학실험 4","전필",2.0,4,"약학과"
2023,1,ADB013,"약학실험1","전필",2.0,2,"약학과"
2024,1,ADB013,"약학실험1","전필",2.0,2,"약학과"
2025,1,ADB013,"약학실험1","전필",2.0,2,"약학과"
2026,1,ADB013,"약학실험1","전필",2.0,2,"약학과"
2023,2,ADB022,"약학실험2","전필",2.0,2,"약학과"
2024,2,ADB022,"약학실험2","전필",2.0,2,"약학과"
2025,2,ADB022,"약학실험2","전필",2.0,2,"약학과"
2026,2,ADB022,"약학실험2","전필",2.0,2,"약학과"
2024,1,ADB031,"약학실험3","전필",2.0,3,"약학과"
2025,1,ADB031,"약학실험3","전필",2.0,3,"약학과"
2026,1,ADB031,"약학실험3","전필",2.0,3,"약학과"
2024,2,ADB041,"약학실험4","전필",2.0,3,"약학과"
2025,2,ADB041,"약학실험4","전필",2.0,3,"약학과"
2026,2,ADB041,"약학실험4","전필",2.0,3,"약학과"
2025,2,ADB067,"약학실험5","전필",1.0,4,"약학과"
2026,2,ADB067,"약학실험5","전필",1.0,4,"약학과"
2023,2,ADB076,"약학용어","전선",1.0,4,"약학과"
2024,2,ADB076,"약학용어","전필",1.0,3,"약학과"
2025,2,ADB076,"약학용어","전필",1.0,3,"약학과"
2026,2,ADB076,"약학용어","전필",1.0,3,"약학과"
2022,1,ADA051,"약학통계","전선",2.0,3,"약학과"
2023,1,ADA051,"약학통계","전선",2.0,3,"약학과"
2023,1,ADB012,"약학통계","전필",2.0,2,"약학과"
2024,1,ADB012,"약학통계","전필",2.0,2,"약학과"
2025,1,ADB012,"약학통계","전필",2.0,2,"약학과"
2026,1,ADB012,"약학통계","전필",2.0,2,"약학과"
2022,1,ADA080,"약화학","전선",3.0,3,"약학과"
2023,1,ADA080,"약화학","전선",3.0,3,"약학과"
2023,1,ADB009,"약화학 1","전선",3.0,2,"약학과"
2024,1,ADB009,"약화학 1","전필",3.0,2,"약학과"
2025,1,ADB009,"약화학 1","전필",3.0,2,"약학과"
2026,1,ADB009,"약화학 1","전필",3.0,2,"약학과"
2023,2,ADB018,"약화학 2","전필",3.0,2,"약학과"
2024,2,ADB018,"약화학 2","전선",3.0,2,"약학과"
2025,2,ADB018,"약화학 2","전선",3.0,2,"약학과"
2022,1,ADA132,"예방약학 1","전선",2.0,5,"약학과"
2023,1,ADA132,"예방약학 1","전선",2.0,5,"약학과"
2024,1,ADA132,"예방약학 1","전선",2.0,5,"약학과"
2025,1,ADA132,"예방약학 1","전선",2.0,5,"약학과"
2022,2,ADA109,"예방약학 2","전선",3.0,5,"약학과"
2023,2,ADA109,"예방약학 2","전선",3.0,5,"약학과"
2024,2,ADA109,"예방약학 2","전선",3.0,5,"약학과"
2025,2,ADA109,"예방약학 2","전선",3.0,5,"약학과"
2025,1,ADB044,"예방약학1","전필",3.0,4,"약학과"
2026,1,ADB044,"예방약학1","전필",3.0,4,"약학과"
2025,2,ADB055,"예방약학2","전필",2.0,4,"약학과"
2026,2,ADB055,"예방약학2","전필",2.0,4,"약학과"
2025,2,ADB113,"유용천연물소재학","전선",3.0,3,"약학과"
2026,2,ADB113,"유용천연물소재학","전선",3.0,5,"약학과"
2022,1,ADA217,"의료기관약국 예비실무실습","전필",2.0,5,"약학과"
2023,1,ADA217,"의료기관약국 예비실무실습","전필",2.0,5,"약학과"
2024,1,ADA217,"의료기관약국 예비실무실습","전필",2.0,5,"약학과"
2025,1,ADA217,"의료기관약국 예비실무실습","전필",2.0,5,"약학과"
2026,1,ADA217,"의료기관약국 예비실무실습","전필",2.0,5,"약학과"
2022,1,ADA213,"의료기관약국 필수실무실습 1","전필",3.0,6,"약학과"
2023,1,ADA213,"의료기관약국 필수실무실습 1","전필",3.0,6,"약학과"
2024,1,ADA213,"의료기관약국 필수실무실습 1","전필",3.0,6,"약학과"
2025,1,ADA213,"의료기관약국 필수실무실습 1","전필",3.0,6,"약학과"
2026,1,ADA213,"의료기관약국 필수실무실습 1","전필",3.0,6,"약학과"
2022,1,ADA214,"의료기관약국 필수실무실습 2","전필",2.0,6,"약학과"
2023,1,ADA214,"의료기관약국 필수실무실습 2","전필",2.0,6,"약학과"
2024,1,ADA214,"의료기관약국 필수실무실습 2","전필",2.0,6,"약학과"
2025,1,ADA214,"의료기관약국 필수실무실습 2","전필",2.0,6,"약학과"
2026,1,ADA214,"의료기관약국 필수실무실습 2","전필",2.0,6,"약학과"
2022,1,ADA215,"의료기관약국 필수실무실습 3","전필",3.0,6,"약학과"
2023,1,ADA215,"의료기관약국 필수실무실습 3","전필",3.0,6,"약학과"
2024,1,ADA215,"의료기관약국 필수실무실습 3","전필",3.0,6,"약학과"
2025,1,ADA215,"의료기관약국 필수실무실습 3","전필",3.0,6,"약학과"
2026,1,ADA215,"의료기관약국 필수실무실습 3","전필",3.0,6,"약학과"
2022,1,ADA216,"의료기관약국 필수실무실습 4","전필",2.0,6,"약학과"
2023,1,ADA216,"의료기관약국 필수실무실습 4","전필",2.0,6,"약학과"
2024,1,ADA216,"의료기관약국 필수실무실습 4","전필",2.0,6,"약학과"
2025,1,ADA216,"의료기관약국 필수실무실습 4","전필",2.0,6,"약학과"
2026,1,ADA216,"의료기관약국 필수실무실습 4","전필",2.0,6,"약학과"
2022,2,ADA181,"의약분자생물학","전필",2.0,3,"약학과"
2023,2,ADB017,"의약분자생물학","전선",2.0,2,"약학과"
2024,2,ADB017,"의약분자생물학","전선",2.0,2,"약학과"
2025,2,ADB017,"의약분자생물학","전선",2.0,2,"약학과"
2026,2,ADB017,"의약분자생물학","전선",2.0,2,"약학과"
2026,1,ADB073,"의약정보학과 경제성평가","전필",2.0,5,"약학과"
2022,2,ADA204,"의약정보학과 커뮤니케이션","전선",2.0,4,"약학과"
2023,2,ADA204,"의약정보학과 커뮤니케이션","전선",2.0,4,"약학과"
2024,2,ADA204,"의약정보학과 커뮤니케이션","전선",2.0,4,"약학과"
2022,1,ADA206,"의약품 경제성평가","전필",2.0,5,"약학과"
2023,1,ADA206,"의약품 경제성평가","전필",2.0,5,"약학과"
2024,1,ADA206,"의약품 경제성평가","전필",2.0,5,"약학과"
2025,1,ADA206,"의약품 경제성평가","전필",2.0,5,"약학과"
2024,2,ADB105,"의약품개발사","전선",2.0,2,"약학과"
2025,2,ADB105,"의약품개발사","전선",2.0,2,"약학과"
2026,2,ADB105,"의약품개발사","전선",2.0,2,"약학과"
2024,1,ADB030,"의약품기기분석학1","전필",2.0,3,"약학과"
2025,1,ADB030,"의약품기기분석학1","전필",2.0,3,"약학과"
2026,1,ADB030,"의약품기기분석학1","전필",2.0,3,"약학과"
2024,2,ADB040,"의약품기기분석학2","전필",2.0,3,"약학과"
2025,2,ADB040,"의약품기기분석학2","전필",2.0,3,"약학과"
2026,2,ADB040,"의약품기기분석학2","전필",2.0,3,"약학과"
2023,1,ADB011,"의약품분석학1","전필",2.0,2,"약학과"
2024,1,ADB011,"의약품분석학1","전필",2.0,2,"약학과"
2025,1,ADB011,"의약품분석학1","전필",2.0,2,"약학과"
2026,1,ADB011,"의약품분석학1","전필",2.0,2,"약학과"
2023,2,ADB020,"의약품분석학2","전필",2.0,2,"약학과"
2024,2,ADB020,"의약품분석학2","전필",2.0,2,"약학과"
2025,2,ADB020,"의약품분석학2","전필",2.0,2,"약학과"
2026,2,ADB020,"의약품분석학2","전필",2.0,2,"약학과"
2022,2,ADA197,"의약품설계학","전선",2.0,3,"약학과"
2025,1,ADB066,"의약품설계학","전선",2.0,4,"약학과"
2022,1,ADA171,"의약품제조관리학","전선",3.0,5,"약학과"
2023,1,ADA171,"의약품제조관리학","전선",3.0,5,"약학과"
2024,1,ADA171,"의약품제조관리학","전선",3.0,5,"약학과"
2025,1,ADA171,"의약품제조관리학","전선",3.0,5,"약학과"
2026,1,ADA171,"의약품제조관리학","전선",3.0,5,"약학과"
2022,2,ADA198,"의약품합성학","전필",3.0,3,"약학과"
2024,2,ADA198,"의약품합성학","전필",2.0,3,"약학과"
2025,2,ADA198,"의약품합성학","전필",2.0,3,"약학과"
2026,2,ADA198,"의약품합성학","전필",3.0,3,"약학과"
2022,1,ADA102,"의약화학 1","전필",2.0,4,"약학과"
2023,1,ADA102,"의약화학 1","전필",2.0,4,"약학과"
2024,1,ADA102,"의약화학 1","전필",2.0,4,"약학과"
2022,2,ADA103,"의약화학 2","전필",2.0,4,"약학과"
2023,2,ADA103,"의약화학 2","전필",2.0,4,"약학과"
2024,2,ADA103,"의약화학 2","전필",2.0,4,"약학과"
2025,1,ADB047,"의약화학1","전필",2.0,4,"약학과"
2026,1,ADB047,"의약화학1","전필",2.0,4,"약학과"
2025,2,ADB059,"의약화학2","전선",2.0,4,"약학과"
2026,2,ADB059,"의약화학2","전선",2.0,4,"약학과"
2024,1,ADB084,"일반의약품학","전선",3.0,5,"약학과"
2025,1,ADB084,"일반의약품학","전선",3.0,5,"약학과"
2026,1,ADB084,"일반의약품학","전선",3.0,4,"약학과"
2022,2,ADA190,"임상면역학","전필",3.0,5,"약학과"
2023,2,ADA190,"임상면역학","전필",3.0,5,"약학과"
2024,2,ADA190,"임상면역학","전필",3.0,5,"약학과"
2025,2,ADA190,"임상면역학","전필",3.0,5,"약학과"
2025,2,ADB035,"임상면역학","전선",2.0,3,"약학과"
2026,2,ADB035,"임상면역학","전선",2.0,3,"약학과"
2025,1,ADB046,"임상미생물학","전선",3.0,4,"약학과"
2026,1,ADB046,"임상미생물학","전선",3.0,4,"약학과"
2022,2,ADA183,"임상생화학","전선",1.0,4,"약학과"
2023,2,ADA183,"임상생화학","전선",1.0,4,"약학과"
2024,2,ADA183,"임상생화학","전선",1.0,4,"약학과"
2026,1,ADA183,"임상생화학","전선",2.0,5,"약학과"
2022,1,ADA150,"임상약물동태학","전선",2.0,5,"약학과"
2023,1,ADA150,"임상약물동태학","전선",2.0,5,"약학과"
2024,1,ADA150,"임상약물동태학","전선",2.0,5,"약학과"
2026,1,ADA150,"임상약물동태학","전선",2.0,5,"약학과"
2022,2,ADA137,"임상약학 해설","전선",1.0,4,"약학과"
2023,2,ADA137,"임상약학 해설","전선",1.0,4,"약학과"
2024,2,ADA137,"임상약학 해설","전선",1.0,4,"약학과"
2025,2,ADB083,"임상약학 해설","전필",1.0,4,"약학과"
2026,2,ADB083,"임상약학 해설","전필",1.0,4,"약학과"
2023,2,ADA233,"임상영양학","전선",2.0,5,"약학과"
2024,2,ADA233,"임상영양학","전선",2.0,4,"약학과"
2025,1,ADA233,"임상영양학","전선",2.0,4,"약학과"
2026,1,ADA233,"임상영양학","전선",2.0,4,"약학과"
2023,2,ADA232,"임상의약정보학","전선",2.0,4,"약학과"
2024,1,ADA228,"자원생약학","전선",2.0,3,"약학과"
2025,1,ADB109,"정신신경계질환 약물치료학","전필",2.0,4,"약학과"
2026,1,ADB109,"정신신경계질환 약물치료학","전필",2.0,4,"약학과"
2022,1,ADA218,"제약산업 필수실무실습","전필",2.0,6,"약학과"
2023,1,ADA218,"제약산업 필수실무실습","전필",2.0,6,"약학과"
2024,1,ADA218,"제약산업 필수실무실습","전필",2.0,6,"약학과"
2025,1,ADA218,"제약산업 필수실무실습","전필",2.0,6,"약학과"
2026,1,ADA218,"제약산업 필수실무실습","전필",2.0,6,"약학과"
2022,1,ADA186,"제제과학 1","전필",3.0,4,"약학과"
2023,1,ADA186,"제제과학 1","전필",3.0,4,"약학과"
2022,2,ADA187,"제제과학 2","전필",3.0,4,"약학과"
2023,2,ADA187,"제제과학 2","전필",3.0,4,"약학과"
2026,1,ADB051,"제제과학 실험","전필",2.0,4,"약학과"
2024,1,ADB027,"제제과학1","전필",3.0,3,"약학과"
2025,1,ADB027,"제제과학1","전필",3.0,3,"약학과"
2026,1,ADB027,"제제과학1","전필",3.0,3,"약학과"
2024,2,ADB037,"제제과학2","전필",3.0,3,"약학과"
2025,2,ADB037,"제제과학2","전필",3.0,3,"약학과"
2026,2,ADB037,"제제과학2","전필",3.0,3,"약학과"
2022,1,ADA200,"제제과학실습","전필",2.0,5,"약학과"
2023,1,ADA200,"제제과학실습","전필",2.0,5,"약학과"
2024,1,ADA200,"제제과학실습","전필",2.0,5,"약학과"
2025,1,ADA200,"제제과학실습","전필",2.0,5,"약학과"
2025,1,ADB111,"제제과학의실습","전필",2.0,4,"약학과"
2023,2,ADA053,"조제학","전선",2.0,5,"약학과"
2022,1,ADA115,"지역약국 예비실무실습","전필",2.0,5,"약학과"
2023,1,ADA115,"지역약국 예비실무실습","전필",2.0,5,"약학과"
2024,1,ADA115,"지역약국 예비실무실습","전필",2.0,5,"약학과"
2025,1,ADA115,"지역약국 예비실무실습","전필",2.0,5,"약학과"
2026,1,ADA115,"지역약국 예비실무실습","전필",2.0,5,"약학과"
2022,1,ADA219,"지역약국 필수실무실습 1","전필",2.0,6,"약학과"
2023,1,ADA219,"지역약국 필수실무실습 1","전필",2.0,6,"약학과"
2024,1,ADA219,"지역약국 필수실무실습 1","전필",2.0,6,"약학과"
2025,1,ADA219,"지역약국 필수실무실습 1","전필",2.0,6,"약학과"
2026,1,ADA219,"지역약국 필수실무실습 1","전필",2.0,6,"약학과"
2022,2,ADA220,"지역약국 필수실무실습 2","전필",3.0,6,"약학과"
2023,2,ADA220,"지역약국 필수실무실습 2","전필",3.0,6,"약학과"
2024,2,ADA220,"지역약국 필수실무실습 2","전필",3.0,6,"약학과"
2025,2,ADA220,"지역약국 필수실무실습 2","전필",3.0,6,"약학과"
2026,2,ADA220,"지역약국 필수실무실습 2","전필",3.0,6,"약학과"
2022,1,ADA122,"천연물의약품학","전선",2.0,4,"약학과"
2023,1,ADA122,"천연물의약품학","전선",2.0,4,"약학과"
2024,1,ADA122,"천연물의약품학","전선",2.0,4,"약학과"
2025,1,ADB048,"천연물의약품학","전선",2.0,3,"약학과"
2026,1,ADB048,"천연물의약품학","전선",2.0,3,"약학과"
2026,2,ADA237,"특수환자군 정밀의료학","전필",2.0,5,"약학과"
2022,2,ADA140,"한약제제학","전필",2.0,5,"약학과"
2023,2,ADA140,"한약제제학","전필",2.0,5,"약학과"
2024,2,ADA140,"한약제제학","전필",2.0,5,"약학과"
2025,2,ADA140,"한약제제학","전필",2.0,5,"약학과"
2026,2,ADA140,"한약제제학","전필",2.0,5,"약학과"
2022,1,ADA202,"항암약물요법 및 일반의약품약물요법","전필",2.0,5,"약학과"
2023,1,ADA202,"항암약물요법 및 일반의약품약물요법","전필",2.0,5,"약학과"
2024,1,ADB103,"항암약물요법1","전필",2.0,5,"약학과"
2025,1,ADB103,"항암약물요법1","전필",2.0,5,"약학과"
2026,1,ADB103,"항암약물요법1","전필",2.0,5,"약학과"
2024,2,ADB107,"항암약물요법2","전선",2.0,5,"약학과"
2025,2,ADB107,"항암약물요법2","전선",2.0,5,"약학과"
2022,1,ADA022,"해부생리학","전선",3.0,3,"약학과"
2022,1,ADB001,"해부생리학","전선",3.0,1,"약학과"
2023,1,ADA022,"해부생리학","전선",3.0,3,"약학과"
2023,1,ADB101,"해부생리학1","전선",2.0,1,"약학과"
2024,1,ADB101,"해부생리학1","전선",2.0,1,"약학과"
2025,1,ADB101,"해부생리학1","전선",2.0,1,"약학과"
2026,1,ADB101,"해부생리학1","전선",3.0,1,"약학과"
2023,2,ADB102,"해부생리학2","전선",2.0,1,"약학과"
2024,2,ADB102,"해부생리학2","전선",2.0,1,"약학과"
2025,2,ADB102,"해부생리학2","전선",2.0,1,"약학과"
2026,2,ADB102,"해부생리학2","전선",2.0,1,"약학과"
2022,1,ADA120,"향장품학","전선",2.0,4,"약학과"
2023,1,ADA120,"향장품학","전선",2.0,4,"약학과"
2024,1,ADA120,"향장품학","전선",2.0,4,"약학과"
2026,1,ADB043,"향장품학","전선",2.0,4,"약학과"
2026,2,ADA238,"혈액종양약물치료학","전선",2.0,4,"약학과"
2022,1,ADA145,"호흡기계 및 소화기계 질환 약물치료학","전선",2.0,5,"약학과"
2023,1,ADA145,"호흡기계 및 소화기계 질환 약물치료학","전선",2.0,5,"약학과"
2024,1,ADA145,"호흡기계 및 소화기계 질환 약물치료학","전선",2.0,5,"약학과"
2025,1,ADA145,"호흡기계 및 소화기계 질환 약물치료학","전선",2.0,5,"약학과"
2026,1,ADA145,"호흡기계 및 소화기계 질환 약물치료학","전선",2.0,5,"약학과"
2026,1,ADA236,"환경보건약학","전선",2.0,5,"약학과"
